NIP;Nama;JK;Status;Golongan;Tanggal;Bulan;Tahun;Keterangan;Nomenklatur Jabatan 41/2018;Kelas Jabatan;Jenis Jabatan;Pendidikan Terakhir;Perangkat Daerah
19730825199703 1 006;ADE ZAKIR HASIM, ST;L;PNS;IV/d;25;08;1973;Aktif;SEKRETARIS DAERAH;15;Struktural;S-1/Sarjana;SEKRETARIAT DAERAH
19650619198610 1 005;ASEP WAHYU, S.Ipem, MM;L;PNS;IV/c;19;06;1965;Pensiun;ASISTEN PEREKONOMIAN DAN PEMBANGUNAN;14;Struktural;S-2;SEKRETARIAT DAERAH
19660529198609 1 001;Drs. ASEP SEHABUDIN;L;PNS;IV/c;29;05;1966;Pensiun;KEPALA BADAN PENANGGULANGAN BENCANA DAERAH;14;Struktural;S-1/Sarjana;BADAN PENANGGULANGAN BENCANA DAERAH 
19650419198903 2 005;AVIRA NUR FASHIHAH, SH., MM;P;PNS;IV/c;19;04;1965;Pensiun;ASISTEN ADMINISTRASI UMUM;14;Struktural;S-2;SEKRETARIAT DAERAH
19730828199202 2 001;RINI SARTIKA, S.Sos, M.Si;P;PNS;IV/c;28;08;1973;Aktif;ASISTEN ADMINISTRASI UMUM;14;Struktural;S-2;SEKRETARIAT DAERAH
19720308200212 1 005;dr. EISENHOWER SITANGGANG, Sp.O.G.;L;PNS;IV/b;08;03;1972;Pemberhentian;;;;S-2;SEKRETARIAT DAERAH
19650805199403 1 007;Ir. MAMAN SURYAMAN EFFENDY;L;PNS;IV/b;05;08;1965;Pensiun;STAF AHLI BIDANG PEMERINTAHAN, HUKUM DAN POLITIK;13;Struktural;S-1/Sarjana;SEKRETARIAT DAERAH
19710712199702 1 003;EYET NURHIDAYAT, S.Pd, M.MPd;L;PNS;IV/b;12;07;1971;Aktif;KEPALA BAGIAN PENGADAAN BARANG DAN JASA;12;Struktural;S-2;SEKRETARIAT DAERAH
19700913199003 2 003;Dra. Hj. RINA MARLINA;P;PNS;IV/b;13;09;1970;Aktif;KEPALA BADAN PENDAPATAN DAERAH;14;Struktural;S-1/Sarjana;BADAN PENDAPATAN DAERAH 
19790607199810 1 001;WEDA WARDIMAN, S.STP, M.Si;L;PNS;IV/b;07;06;1979;Aktif;KEPALA BADAN KESATUAN BANGSA DAN POLITIK;14;Struktural;S-2;BADAN KESATUAN BANGSA DAN POLITIK 
19671103199803 1 003;Drs. DENI JUANDA ACHMAD SUKMANA, MT;L;PNS;IV/b;03;11;1967;Pensiun;KEPALA BAGIAN PERENCANAAN DAN KEUANGAN;12;Struktural;S-2;SEKRETARIAT DAERAH
19781203199810 1 001;A M HIKMAT, S.STP;L;PNS;IV/b;03;12;1978;Aktif;CAMAT BATUJAJAR;12;Struktural;S-1/Sarjana;KECAMATAN BATUJAJAR
19670604199412 1 001;HASANUDIN, S PD;L;PNS;IV/b;04;06;1967;Pensiun;KEPALA BAGIAN KESEJAHTERAAN RAKYAT;12;Struktural;S-1/Sarjana;SEKRETARIAT DAERAH
19831218200212 1 001;DENI ACHMAD ABDUL RAHMAN, S.STP;L;PNS;IV/b;18;12;1983;Mutasi;KEPALA BAGIAN PEREKONOMIAN;12;Struktural;S-1/Sarjana;SEKRETARIAT DAERAH
19790908200501 1 007;MOHAMMAD NUR RAHMAN HAKIM, ST, MT;L;PNS;IV/a;08;09;1979;Aktif;KEPALA BAGIAN ADMINISTRASI PEMBANGUNAN;12;Struktural;S-2;SEKRETARIAT DAERAH
19690729200701 1 016;ASEP WAHIDIN SUDIRO, SH.;L;PNS;IV/a;29;07;1969;Aktif;SEKRETARIS DINAS PEMUDA DAN OLAHRAGA;12;Struktural;S-1/Sarjana;DINAS PEMUDA DAN OLAHRAGA
19841019200901 1 004;KEMAL ADIYAKSA, S.H, MM;L;PNS;III/d;19;10;1984;Aktif;KEPALA BAGIAN UMUM;12;Struktural;S-2;SEKRETARIAT DAERAH
19700218198903 1 002;Drs. JIMMY, MA;L;PNS;IV/a;18;02;1970;Aktif;Analis Kebijakan Ahli Muda;10;Struktural;S-2;SEKRETARIAT DAERAH
19690105199601 2 001;DEWI KANIATY, SE., M.A.P;P;PNS;IV/a;05;01;1969;Aktif;Analis Kebijakan Ahli Muda;10;Fungsional;S-2;SEKRETARIAT DAERAH
19880325200701 2 001;SITI NUR KOMALA DEWI, S.IP, M.Si;P;PNS;IV/a;25;03;1988;Aktif;Analis Kebijakan Ahli Muda;10;Fungsional;S-2;SEKRETARIAT DAERAH
19830626200112 1 002;GENTAREZ WARA NAIGOLAN, S.STP;L;PNS;III/d;26;06;1983;Aktif;Kepala Bidang Pengendalian Pencemaran dan Kerusakan Lingkungan Hidup;11;Struktural;S-1/Sarjana;DINAS LINGKUNGAN HIDUP
19831024201001 1 009;ANDI NOERWANSYAH, S.SOS., M.Si;L;PNS;III/d;24;10;1983;Aktif;Kepala Bidang Pemerintahan dan Pembangunan Manusia;11;Struktural;S-2;BADAN PERENCANAAN PEMBANGUNAN, RISET DAN INOVASI DAERAH
19890426201010 1 001;REZA GARDIKA APRINANTA, S.STP., M.I.P.;L;PNS;III/d;26;04;1989;Aktif;Sekretaris Kecamatan Parongpong;11;Struktural;S-2;KECAMATAN PARONGPONG
19841222201001 1 008;VICKRY FAKHRIZAL, S.Sos., MM;L;PNS;III/d;22;12;1984;Aktif;Analis Kebijakan Ahli Muda;10;Fungsional;S-2;SEKRETARIAT DAERAH
;FAHADILA FAHRUROZI REMI, ST.,MT.;FALSE;PNS;III/d;;;;Mutasi;Analis Kebijakan Ahli Muda;10;Fungsional;S-2;SEKRETARIAT DAERAH
19750817201001 1 019;RADEN MUHAMMAD WAHYUDI, S.T., MM;L;PNS;III/d;17;08;1975;Aktif;Kepala Bidang Sumber Daya Air;11;Struktural;S-2;DINAS PEKERJAAN UMUM DAN TATA RUANG
19750119201001 1 005;MUHAMMAD YUSUF ANIES, S.T., M.T.;L;PNS;III/d;19;01;1975;Aktif;Pengelola Pengadaan Barang/Jasa Ahli Muda;10;Fungsional;S-2;SEKRETARIAT DAERAH
19830323201001 1 011;HARI DARMAYANTO,  ST., MM;L;PNS;III/d;23;03;1983;Aktif;Pengelola Pengadaan Barang/Jasa Ahli Muda;10;Fungsional;S-2;SEKRETARIAT DAERAH
19790407200604 1 013;NUNUY SUPYANDI, S.Sos, M.M;L;PNS;III/d;07;04;1979;Aktif;Sekretaris Kecamatan Cihampelas;11;Struktural;S-2;KECAMATAN CIHAMPELAS
19831126200803 1 001;MUHAMMAD RIDLO SALEH, S.Sos;L;PNS;III/d;26;11;1983;Aktif;Pengelola Pengadaan Barang/Jasa Ahli Muda;10;Fungsional;S-1/Sarjana;SEKRETARIAT DAERAH
19820406200901 1 006;ARY RAHMAT, S.KM;L;PNS;III/d;06;04;1982;Aktif;Pengelola Pengadaan Barang/Jasa Ahli Muda;10;Fungsional;S-1/Sarjana;SEKRETARIAT DAERAH
19831221201001 1 012;ANDIKA PRIHADIYANA, S.Farm., Apt;L;PNS;III/d;21;12;1983;Aktif;Pengelola Pengadaan Barang/Jasa Ahli Muda;10;Fungsional;S-1/Sarjana;SEKRETARIAT DAERAH
19920125201206 1 001;ARYAWAN SETIADI, S.STP;L;PNS;III/d;25;01;1992;Aktif;Analis Kebijakan Ahli Muda;10;Fungsional;Diploma IV;SEKRETARIAT DAERAH
19700119200701 2 004;CUCU SUMARNI, S.Sos., MM;P;PNS;III/c;19;01;1970;Aktif;Analis Kebijakan Ahli Muda;10;Fungsional;S-2;SEKRETARIAT DAERAH
19830611201001 1 008;DADAN IRPANSAH, ST;L;PNS;III/c;11;06;1983;Aktif;Pengelola Pengadaan Barang/Jasa Ahli Muda;10;Fungsional;S-1/Sarjana;SEKRETARIAT DAERAH
19900319201206 1 001;ISMIT JAYA TOMAGOLA, S.STP;L;PNS;III/c;19;03;1990;Aktif;Perencana Ahli Muda;10;Fungsional;Diploma IV;SEKRETARIAT DAERAH
19781122200012 1 002;BAMBANG HARMOKO, S.IP;L;PNS;III/d;22;11;1978;Aktif;Pengelola Pengadaan Barang/Jasa Ahli Muda;10;Fungsional;S-1/Sarjana;SEKRETARIAT DAERAH
19890707201101 2 004;VINI RUSFIANI ARIFAH, SST., MM;P;PNS;III/c;07;07;1989;Aktif;Pengelola Pengadaan Barang/Jasa Ahli Muda;10;Fungsional;S-2;SEKRETARIAT DAERAH
19741203200901 1 006;BRAM BRATANEGARA, SH.;L;PNS;III/d;03;12;1974;Aktif;Analis Kebijakan Ahli Muda;10;Fungsional;S-1/Sarjana;SEKRETARIAT DAERAH
19670504198803 1 009;BADEN HAMBALI, S.Sos;L;PNS;III/d;04;05;1967;Pensiun;Analis Kebijakan Ahli Muda;10;Fungsional;S-1/Sarjana;SEKRETARIAT DAERAH
19841013201001 1 006;KRESNA ACHMAD FATHURROKHIM, ST., M.Si;L;PNS;III/d;13;10;1984;Aktif;Kepala Bidang Penelitian dan Pengembangan ;11;Struktural;S-2;BADAN PERENCANAAN PEMBANGUNAN, RISET DAN INOVASI DAERAH
19751227201001 1 003;TEDI NIRWAN, ST, M.Si;L;PNS;III/d;27;12;1975;Aktif;Analis Keuangan Pusat dan Daerah Ahli Muda;9;Fungsional;S-2;SEKRETARIAT DAERAH
19841112201001 2 010;HANIK SETYOWATI, SH;P;PNS;III/d;12;11;1984;Aktif;Analis Hukum Ahli Muda;9;Fungsional;S-1/Sarjana;SEKRETARIAT DAERAH
19940928201708 1 001;YODITYAWAN RIDLO SYAHPUTRA, S.STP;L;PNS;III/c;28;09;1994;Aktif;KEPALA SUBBAGIAN PROTOKOL;9;Struktural;Diploma IV;SEKRETARIAT DAERAH
19890308200902 2 001;TUTI MARYANI, SE, M.M;P;PNS;III/c;08;03;1989;Aktif;Pengelola Pengadaan Barang/Jasa Ahli Pertama;8;Fungsional;S-2;SEKRETARIAT DAERAH
19750922200501 1 007;BUDHI SLAMET SAEPUDIN, S.Sos, M.Si;L;PNS;III/b;22;09;1975;Aktif;Pengelola Pengadaan Barang/Jasa Ahli Muda;10;Fungsional;S-2;SEKRETARIAT DAERAH
19820118201001 1 003;ANANG IRAWAN, MM, MM, SE;L;PNS;III/b;18;01;1982;Aktif;Pengelola Pengadaan Barang/Jasa Ahli Muda;10;Fungsional;S-2;SEKRETARIAT DAERAH
19820917201001 1 014;HANNI DARAKUTHY, M.T, S.T;L;PNS;III/b;17;09;1982;Aktif;Pengelola Pengadaan Barang/Jasa Ahli Muda;10;Fungsional;S-2;SEKRETARIAT DAERAH
19840203200901 1 003;MAULANA CORI APDINA MUNAJAR, S.A.P;L;PNS;III/b;03;02;1984;Aktif;Pengelola Pengadaan Barang/Jasa Ahli Muda;10;Fungsional;S-1/Sarjana;SEKRETARIAT DAERAH
19850529202321 2 033;SITI RUBAIAH ADAWIAH, S.E;P;PPPK;IX;29;05;1985;Aktif;Pengelola Pengadaan Barang/Jasa Ahli Pertama;8;Fungsional;S-1/Sarjana;SEKRETARIAT DAERAH
19960716202321 2 042;INTAN PERMATASARI, S.E;P;PPPK;IX;16;07;1996;Aktif;Pengelola Pengadaan Barang/Jasa Ahli Pertama;8;Fungsional;S-1/Sarjana;SEKRETARIAT DAERAH
19900109202321 1 022;FAIZAL RACHMAN, S.E.;L;PPPK;IX;09;01;1990;Aktif;Pengelola Pengadaan Barang/Jasa Ahli Pertama;8;Fungsional;S-1/Sarjana;SEKRETARIAT DAERAH
19920609202321 2 056;MELINDA TIANI KUSNADI, S.E;P;PPPK;IX;09;06;1992;Aktif;Pengelola Pengadaan Barang/Jasa Ahli Pertama;8;Fungsional;S-1/Sarjana;SEKRETARIAT DAERAH
19750726202321 1 005;SOLIHIN JAYA KOMARA, S.E;L;PPPK;IX;26;07;1975;Aktif;Pengelola Pengadaan Barang/Jasa Ahli Pertama;8;Fungsional;S-1/Sarjana;SEKRETARIAT DAERAH
19880720202421 1 010;MOCHAMAD HASAN SADIKIN, ST;L;PPPK;IX;20;07;1988;Aktif;Pengelola Pengadaan Barang/Jasa Ahli Pertama;8;Fungsional;S-1/Sarjana;SEKRETARIAT DAERAH
19920528202421 1 015;EGGY RIDWAN NUGRAHA, S.Kom;L;PPPK;IX;28;05;1992;Aktif;Pengelola Pengadaan Barang/Jasa Ahli Pertama;8;Fungsional;S-1/Sarjana;SEKRETARIAT DAERAH
19830402201001 2 036;SISKA APRIANI, S.Sos;P;PNS;III/b;02;04;1983;Aktif;Pengelola Pengadaan Barang/Jasa Ahli Pertama;8;Fungsional;S-1/Sarjana;SEKRETARIAT DAERAH
19830829202521 1 012;ANGGA RAYA HIDAYAT;L;PPPK;IX;29;08;1983;Aktif;ANALIS HUKUM AHLI PERTAMA;8;Fungsional;S-1 HUKUM;SEKRETARIAT DAERAH
19830803202521 1 020;ANWAR NURSAMSI;L;PPPK;IX;03;08;1983;Aktif;Pengelola Pengadaan Barang/Jasa Ahli Pertama;8;Fungsional;S-1 PENDIDIKAN ILMU PENGETAHUAN SOSIAL;SEKRETARIAT DAERAH
19830421202521 1 015;BINTANG ARIA HARDIANA NUGRAHA;L;PPPK;IX;21;04;1983;Aktif;ANALIS HUKUM AHLI PERTAMA;8;Fungsional;S-1 HUKUM;SEKRETARIAT DAERAH
19820829202521 1 012;DEDEN ANGKASA PURBA KUSUMAH;L;PPPK;IX;29;08;1982;Aktif;Pengelola Pengadaan Barang/Jasa Ahli Pertama;8;Fungsional;S-1 ILMU KOMUNIKASI;SEKRETARIAT DAERAH
19861110202521 1 016;HENDRANI;L;PPPK;IX;10;11;1986;Aktif;ARSIPARIS AHLI PERTAMA;8;Fungsional;S-1 ADMINISTRASI NEGARA;SEKRETARIAT DAERAH
19900710202521 2 030;YUSIKA WIDIANE;P;PPPK;IX;10;07;1990;Aktif;PERENCANA AHLI PERTAMA;8;Fungsional;S-1 MANAJEMEN;BADAN KESATUAN BANGSA DAN POLITIK 
19860707202521 2 032;RETNO NOERFAJAR;P;PPPK;IX;07;07;1986;Aktif;ARSIPARIS AHLI PERTAMA;8;Fungsional;S-1 ADMINISTRASI NEGARA;SEKRETARIAT DAERAH
19880302202421 1 010;TONI RASMAYADI, SE;L;PPPK;IX;02;03;1988;Aktif;Perencana Ahli Pertama;8;Fungsional;S-1/Sarjana;BADAN KEUANGAN DAN ASET DAERAH
19820403202521 1 026;YADIANSYAH;L;PPPK;IX;03;04;1982;Aktif;ARSIPARIS AHLI PERTAMA;8;Fungsional;S-1 ADMINISTRASI NEGARA;SEKRETARIAT DAERAH
19860721202521 2 017;YULISTIANTI DWI PURNAMA WULAN;P;PPPK;IX;21;07;1986;Aktif;ARSIPARIS AHLI PERTAMA;8;Fungsional;S-1 ADMINISTRASI NEGARA;SEKRETARIAT DAERAH
19930208202504 1 001;FARIED TSANI NURSYAMSI;L;PNS;III/a;08;02;1993;Aktif;PERANCANG PERATURAN PERUNDANG-UNDANGAN AHLI PERTAMA;8;Fungsional;S-1/Sarjana;SEKRETARIAT DAERAH
19721107199901 2 001;IFI SYARIAH MATONDANG, ST., MT;P;PNS;IV/a;07;11;1972;Aktif;ANALIS DATA DAN INFORMASI;7;Pelaksana;S-2;SEKRETARIAT DAERAH
19780201201001 1 012;F. ARKHODITA TOER IWAN, SE, M.M;L;PNS;IV/a;01;02;1978;Aktif;FASILITATOR SARANA PEMASARAN;7;Pelaksana;S-2;SEKRETARIAT DAERAH
19780707200604 2 007;SRI WIDI YULIANTI, SST;P;PNS;III/d;07;07;1978;Aktif;ANALIS JABATAN;7;Pelaksana;Diploma IV;SEKRETARIAT DAERAH
19871220201010 1 001;JAMALUDIN KOTABANDA, S.STP, M.KP.;L;PNS;III/d;20;12;1987;Aktif;ANALIS PEMERINTAHAN UMUM DAN OTONOMI DAERAH;7;Pelaksana;S-2;SEKRETARIAT DAERAH
19810211200501 1 004;HENDRA GUNAWAN, S.HI;L;PNS;III/d;11;02;1981;Aktif;ANALIS PERATURAN PERUNDANG-UNDANGAN DAN RANCANGAN PERATURAN PERUNDANG-UNDANGAN;7;Pelaksana;S-1/Sarjana;SEKRETARIAT DAERAH
19811207201001 2 005;HANIFAH JUMROTIN, S.Sos;P;PNS;III/c;07;12;1981;Aktif;PENELAAH PERKEMBANGAN BUMD;7;Pelaksana;S-1/Sarjana;SEKRETARIAT DAERAH
19890326201503 1 004;GUGUM GUMILAR, S.Ds.;L;PNS;III/c;26;03;1989;Aktif;ANALIS PEMBANGUNAN;7;Pelaksana;S-1/Sarjana;SEKRETARIAT DAERAH
19800226200604 1 004;DONA FERIANDI, A.Md.PIK;L;PNS;III/c;26;02;1980;Aktif;ANALIS MONITORING DAN EVALUASI PELAPORAN;7;Pelaksana;Diploma III/Sarjana Muda;SEKRETARIAT DAERAH
19801124201001 2 003;DIAN NOVARINA, S.Pd.I;P;PNS;III/b;24;11;1980;Aktif;ANALIS PUBLIKASI;7;Pelaksana;S-1/Sarjana;SEKRETARIAT DAERAH
19910630201206 1 001;ASEP SUHERMAN, S.STP;L;PNS;III/b;30;06;1991;Aktif;ANALIS TATALAKSANA;7;Pelaksana;Diploma IV;SEKRETARIAT DAERAH
19920910201609 1 001;ANGGA PUTRA PRATAMA, S.STP;L;PNS;III/b;10;09;1992;Aktif;PENATA ACARA;7;Pelaksana;Diploma IV;SEKRETARIAT DAERAH
19940416201708 1 001;WISNU JAYA PRASETIA, S.STP;L;PNS;III/b;16;04;1994;Aktif;ANALIS PERATURAN PERUNDANG-UNDANGAN DAN RANCANGAN PERATURAN PERUNDANG-UNDANGAN;7;Pelaksana;Diploma IV;SEKRETARIAT DAERAH
19921222201609 1 001;DESKIAWAN MAULANA, S.STP;L;PNS;III/b;22;12;1992;Aktif;ANALIS SDMA AHLI PERTAMA;8;Fungsional;Diploma IV;SEKRETARIAT DAERAH
19960409201808 2 001;ULFAH MA`RIFAH, S.STP;P;PNS;III/b;09;04;1996;Aktif;ANALIS PELAYANAN PUBLIK;7;Pelaksana;Diploma IV;SEKRETARIAT DAERAH
19851118201101 2 004;KIKI RIZKIANA, A.Md;P;PNS;III/b;18;11;1985;Aktif;ANALIS PENGEMBANGAN POTENSI DAERAH;7;Pelaksana;Diploma III/Sarjana Muda;SEKRETARIAT DAERAH
19971015201908 2 001;AYU HERIZA, S.STP;P;PNS;III/b;15;10;1997;Aktif;ANALIS SDMA AHLI PERTAMA;8;Fungsional;Diploma IV;SEKRETARIAT DAERAH
19830125201412 1 001;YANA SARJANA WINATA, S.Sos;L;PNS;III/b;25;01;1983;Aktif;ANALIS KERJA SAMA;7;Pelaksana;S-1/Sarjana;SEKRETARIAT DAERAH
19891111202012 2 008;VIVI NOVIANI, S.Sos;P;PNS;III/b;11;11;1989;Aktif;Analis Kebijakan Ahli Pertama;8;Fungsional;S-1/Sarjana;SEKRETARIAT DAERAH
19950109202012 2 012;WANDA INTANTIA PRAVIDIANE, S.H.;P;PNS;III/b;09;01;1995;Aktif;ANALIS PERMASALAHAN HUKUM;7;Pelaksana;S-1/Sarjana;SEKRETARIAT DAERAH
19960819202012 1 005;RADEN ARHAM NASRULLOH, S.I.P.;L;PNS;III/b;19;08;1996;Aktif;ANALIS SDMA AHLI PERTAMA;8;Fungsional;S-1/Sarjana;SEKRETARIAT DAERAH
19930908202012 1 008;RADEN MUHAMMAD MULYANA ADISUKMA, S.Sos;L;PNS;III/b;08;09;1993;Aktif;Analis Kebijakan Ahli Pertama;8;Fungsional;Diploma IV;SEKRETARIAT DAERAH
19990307202108 2 001;SALSABILA HARDIAWANTI, S.IP;P;PNS;III/a;07;03;1999;Aktif;PENATA ACARA;7;Pelaksana;S-1/Sarjana;SEKRETARIAT DAERAH
20000211202208 1 001;FIKRI NURUL FAOZAN, S.Tr.IP;L;PNS;III/a;11;02;2000;Aktif;ANALIS SISTEM INFORMASI DAN DISEMINASI HUKUM;7;Pelaksana;Diploma IV;SEKRETARIAT DAERAH
19691207200701 1 008;MOCH BONANG SW;L;PNS;III/a;07;12;1969;Aktif;PENYUSUN RENCANA PENGADAAN SARANA DAN PRASARANA;7;Pelaksana;SLTA;SEKRETARIAT DAERAH
19731002200801 1 002;HENDRAWAN;L;PNS;III/a;02;10;1973;Aktif;BENDAHARA;7;Pelaksana;SLTA;SEKRETARIAT DAERAH
19840821201001 2 001;SERUNI KARTIKA WAHYUNINGSIH;P;PNS;II/d;21;08;1984;Pemberhentian;ANALIS PEMERINTAHAN DAERAH;7;Pelaksana;SLTA;SEKRETARIAT DAERAH
19661127200701 1 009;SUHARA, S.Sos;L;PNS;III/c;27;11;1966;Pensiun;PENGELOLA SARANA DAN PRASARANA KANTOR;6;Pelaksana;S-1/Sarjana;SEKRETARIAT DAERAH
19831105201001 2 006;RIVI LUKIAWATI, SE;P;PNS;III/c;05;11;1983;Aktif;PENGELOLA KEUANGAN;6;Pelaksana;S-1/Sarjana;SEKRETARIAT DAERAH
19931013201609 2 001;FUTRI SRI SUSANTI, S.STP;P;PNS;III/c;13;10;1993;Aktif;SEKRETARIS BUPATI;6;Pelaksana;Diploma IV;SEKRETARIAT DAERAH
19701220200701 1 010;SATRIANSYAH, SE;L;PNS;III/b;20;12;1970;Aktif;PENGELOLA KEUANGAN;6;Pelaksana;S-1/Sarjana;SEKRETARIAT DAERAH
19940502201808 1 001;WIJI HANINDYA SOETARNO PUTRA, S.STP;L;PNS;III/b;02;05;1994;Aktif;AJUDAN BUPATI/WAKIL BUPATI;6;Pelaksana;Diploma IV;SEKRETARIAT DAERAH
19840705201001 1 008;HENDRIK GUNTARA, A.Md;L;PNS;III/b;05;07;1984;Aktif;PENGELOLA KEUANGAN;6;Pelaksana;Diploma III/Sarjana Muda;SEKRETARIAT DAERAH
19840731201101 2 001;SANTI HASRA, A.Md;P;PNS;III/b;31;07;1984;Aktif;PENGELOLA KEUANGAN;6;Pelaksana;Diploma III/Sarjana Muda;SEKRETARIAT DAERAH
19780625200901 2 003;NIA KURNIASIH, S.A.P;P;PNS;III/b;25;06;1978;Aktif;PENGELOLA KEUANGAN;6;Pelaksana;S-1/Sarjana;SEKRETARIAT DAERAH
19970403202008 1 001;AREZY ADITIA FAUZI, S.STP;L;PNS;III/b;03;04;1997;Aktif;Analis Sumber Daya Manusia Aparatur Ahli Pertama;8;Pelaksana;Diploma IV;BADAN KEPEGAWAIAN DAN PENGEMBANGAN SUMBER DAYA MANUSIA 
19980212202012 2 006;SILVIA NUR AZIZAH, S.I.P;P;PNS;III/b;12;02;1998;Aktif;PENGELOLA PENYELENGGARAAN OTONOMI DAERAH;6;Pelaksana;Diploma IV;SEKRETARIAT DAERAH
20001010202208 1 003;ZULFIKAR MUHAMMAD AFDAL , S.Tr.IP;L;PNS;III/a;10;10;2000;Aktif;AJUDAN BUPATI/WAKIL BUPATI;6;Pelaksana;Diploma IV;SEKRETARIAT DAERAH
19691010200801 2 016;IIS RUSMIANI;P;PNS;III/a;10;10;1969;Aktif;Operator Layanan Operasional;5;Pelaksana;SLTA;SEKRETARIAT DAERAH
19831006201001 1 001;RAHMAT AGUNG;L;PNS;II/d;06;10;1983;Aktif;PENGELOLA KEUANGAN;6;Pelaksana;SLTA;SEKRETARIAT DAERAH
19700414199101 1 002;Drs. RONY RUDYANA;L;PNS;IV/c;14;04;1970;Aktif;KEPALA DINAS KOMUNIKASI INFORMATIKA DAN STATISTIK;14;Struktural;S-1/Sarjana;DINAS KOMUNIKASI, INFORMATIKA, PERSANDIAN DAN STATISTIK 
19690209199003 1 004;DARMAWAN, S.Sos., M.Si.;L;PNS;IV/b;09;02;1969;Aktif;KEPALA BAGIAN PERSIDANGAN DAN PERUNDANG-UNDANGAN;12;Struktural;S-2;SEKRETARIAT DPRD
19701223198903 2 001;Dra. R RITTA DEWI PUSPITA, S.Sos. ME;P;PNS;IV/b;23;12;1970;Aktif;Kepala Bagian Perencanaan dan Keuangan;12;Struktural;S-2;SEKRETARIAT DPRD
19700313200312 1 005;DUDIH HERYANA, SH.,M.Si.;L;PNS;IV/b;13;03;1970;Aktif;KEPALA BAGIAN UMUM DAN KEPEGAWAIAN;12;Struktural;S-2;SEKRETARIAT DPRD
19680922199803 1 010;HANHAN DIYAHNA, SH. M.Si;L;PNS;IV/a;22;09;1968;Aktif;Analis Kebijakan Ahli Muda;10;Fungsional;S-2;SEKRETARIAT DPRD
19781227200501 1 002;DICKY ARDIANSYAH, S.Pd., M.Pd;L;PNS;IV/a;27;12;1978;Aktif;ANALIS BERITA;7;Pelaksana;S-2;SEKRETARIAT DPRD
19790518200801 1 003;YOGA ALI IMBRAN, S.Sos., M.Si;L;PNS;IV/a;18;05;1979;Aktif;KEPALA BIDANG KEDARURATAN DAN LOGISTIK;11;Struktural;S-2;BADAN PENANGGULANGAN BENCANA DAERAH 
19680603199610 1 001;VIRGILIO DO CARMO ANDRADE;L;PNS;III/d;03;06;1968;Pensiun;Perancang Peraturan Perundang-undangan Ahli Muda;10;Fungsional;S-1/Sarjana;SEKRETARIAT DPRD
19720105199403 2 003;ATI MELATI, S.Pd;P;PNS;III/d;05;01;1972;Aktif;PRANATA ACARA;6;Pelaksana;S-1/Sarjana;SEKRETARIAT DPRD
19800113200801 2 004;MERI ANGGRAENI, S.sOS;P;PNS;III/d;13;01;1980;Aktif;Analis Kebijakan Ahli Muda;10;Fungsional;S-1/Sarjana;SEKRETARIAT DPRD
19790417200901 1 011;ACHMAD SHAHAL, S.IP;L;PNS;III/d;17;04;1979;Aktif;Analis Kebijakan Ahli Muda;10;Fungsional;S-1/Sarjana;SEKRETARIAT DPRD
19741129201001 2 003;DIANE YULIANDARI, SE., M.M;P;PNS;III/d;29;11;1974;Aktif;Analis Keuangan Pusat dan Daerah Ahli Muda;9;Fungsional;S-2;SEKRETARIAT DPRD
19760111200901 2 003;ELA RAHMALIA RAHAYU, SE., M,Si;P;PNS;III/d;11;01;1976;Aktif;Analis Kebijakan Ahli Muda;10;Fungsional;S-2;SEKRETARIAT DPRD
19800924201101 1 002;YOSEPH EUFRAT PARSAORAN SITORUS, SH., M.Si.;L;PNS;III/d;24;09;1980;Aktif;KEPALA SUBBAGIAN TATA USAHA DAN KEPEGAWAIAN;9;Struktural;S-2;SEKRETARIAT DPRD
19711002201101 1 001;HENDRAYANA, S.H.;L;PNS;III/d;02;10;1971;Aktif;PETUGAS PROTOKOL;6;Pelaksana;S-1/Sarjana;SEKRETARIAT DPRD
19850707201001 1 011;GILANG PRANA, SH;L;PNS;III/c;07;07;1985;Aktif;Perancang Peraturan Perundang-undangan Ahli Muda;10;Fungsional;S-1/Sarjana;SEKRETARIAT DPRD
19810518200901 2 001;FARIDA WIDANINGSIH, S.I.P., M.Si;P;PNS;III/c;18;05;1981;Aktif;Perencana Ahli Muda;10;Fungsional;S-2;SEKRETARIAT DPRD
19731003200701 2 008;ERNA FAZRIYAH, S.Sos;P;PNS;III/c;03;10;1973;Aktif;Analis Keuangan Pusat dan Daerah Ahli Muda;9;Fungsional;S-1/Sarjana;SEKRETARIAT DPRD
19721013200701 1 006;DADAN TAOPIK RAMDANSYAH, SE;L;PNS;III/c;13;10;1972;Aktif;PENGELOLA SARANA DAN PRASARANA RUMAH TANGGA DINAS;6;Pelaksana;S-1/Sarjana;SEKRETARIAT DPRD
19790222201001 2 003;SOFI FAJARWATI, S.Sos;P;PNS;III/c;22;02;1979;Aktif;PENYUSUN NASKAH;7;Pelaksana;S-1/Sarjana;SEKRETARIAT DPRD
19680716201001 1 001;ADAS HIDAYAT, S.Sos;L;PNS;III/b;16;07;1968;Pensiun;PENGELOLA PERSIDANGAN;6;Pelaksana;S-1/Sarjana;SEKRETARIAT DPRD
19730413201001 1 007;ARI ANDRIAN, A.Md;L;PNS;III/b;13;04;1973;Aktif;BENDAHARA;7;Pelaksana;Diploma III/Sarjana Muda;SEKRETARIAT DPRD
19920113202012 2 008;IMA YUNIAR HILMI, S.Sos;P;PNS;III/a;13;01;1992;Aktif;Perisalah Legislatif Ahli Pertama;8;Fungsional;S-1/Sarjana;SEKRETARIAT DPRD
19960408202012 2 006;MUTIARA ADAWIAH, S.E.;P;PNS;III/a;08;04;1996;Aktif;Perencanaan Ahli Pertama;8;Fungsional;Diploma IV;SEKRETARIAT DPRD
19760613200901 1 010;ADE HADIANA, S.H;L;PNS;III/a;13;06;1976;Aktif;Perisalah Legislatif Ahli Pertama;8;Fungsional;S-1/Sarjana;SEKRETARIAT DPRD
19730908200604 1 005;LUDDY DHIHARNA;L;PNS;III/a;08;09;1973;Aktif;PENGELOLA KEPEGAWAIAN;6;Pelaksana;SLTA;SEKRETARIAT DPRD
19821220202321 1 009;SONY MAULANA, S.Sos;L;PPPK;IX;20;12;1982;Aktif;Perisalah Legislatif Ahli Pertama;8;Fungsional;S-1/Sarjana;SEKRETARIAT DPRD
19760518200801 1 005;PEPEN SUMPENA;L;PNS;III/a;18;05;1976;Aktif;PENGELOLA PEMANFAATAN BARANG MILIK DAERAH;6;Pelaksana;SLTA;SEKRETARIAT DPRD
19810912200901 1 007;MULYADI;L;PNS;II/d;12;09;1981;Aktif;TEKNISI SARANA DAN PRASARANA;5;Pelaksana;SLTA;SEKRETARIAT DPRD
19760621201001 2 001;SELLY SURYANTI;P;PNS;II/d;21;06;1976;Aktif;PENGELOLA KEGIATAN DAN ANGGARAN;6;Pelaksana;SLTA;SEKRETARIAT DPRD
19691130199010 1 002;Drs. YADI AZHAR, M.Si;L;PNS;IV/c;30;11;1969;Aktif;INSPEKTUR DAERAH;14;Struktural;S-2;INSPEKTORAT DAERAH
19650304198901 1 002;Drs. DARMANA CAHYADI,  M.A.P;L;PNS;IV/c;04;03;1965;Pensiun;Pengawas Penyelenggaraan Urusan Pemerintahan Daerah Ahli Madya;12;Fungsional;S-2;INSPEKTORAT DAERAH
19670604198801 1 002;EDDY SYARIEF GUNAWAN, S Sos, M.Hum;L;PNS;IV/c;04;06;1967;Aktif;Pengawas Penyelenggaraan Urusan Pemerintahan Daerah Ahli Madya;12;Fungsional;S-2;INSPEKTORAT DAERAH
19750522199311 1 004;JAKA SUSILA, AP;L;PNS;IV/c;22;05;1975;Aktif;Pengawas Penyelenggaraan Urusan Pemerintahan Daerah Ahli Madya;12;Fungsional;S-1/Sarjana;INSPEKTORAT DAERAH
19710809200012 1 002;INDRA GUNAWAN, SH, SPd, MSi;L;PNS;IV/b;09;08;1971;Aktif;INSPEKTUR PEMBANTU WILAYAH IV;12;Struktural;S-2;INSPEKTORAT DAERAH
19720602199803 1 003;DENI MULYANA SYUKUR, S.Pd.,M.Si;L;PNS;IV/b;02;06;1972;Aktif;INSPEKTUR PEMBANTU WILAYAH III;12;Struktural;S-2;INSPEKTORAT DAERAH
19661212199704 1 001;AGUNG SUKMA AJIE, MH;L;PNS;IV/b;12;12;1966;Aktif;Auditor Ahli Madya;12;Fungsional;S-2;INSPEKTORAT DAERAH
19670702198803 1 007;H. CECEP SUTARSA, SKM.,M.Si;L;PNS;IV/b;02;07;1967;Aktif;Auditor Ahli Madya;12;Fungsional;S-2;INSPEKTORAT DAERAH
19670507199603 1 007;TOMY SENJAYA, S.E;L;PNS;IV/b;07;05;1967;Aktif;Pengawas Penyelenggaraan Urusan Pemerintahan Daerah Ahli Madya;12;Fungsional;S-1/Sarjana;INSPEKTORAT DAERAH
19740213199703 2 001;MAYA SAKUNTALA, S.Sos, M.Si;P;PNS;IV/b;13;02;1974;Aktif;INSPEKTUR PEMBANTU WILAYAH II;12;Struktural;S-2;INSPEKTORAT DAERAH
19701211199112 2 001;YUYUN JUHANAH, S.AP., M.AP;P;PNS;IV/b;11;12;1970;Aktif;Auditor Ahli Madya;12;Fungsional;S-2;INSPEKTORAT DAERAH
19741116200501 2 002;dr. MAISARA SRIWIDARI RAHAYU HANIF, M.A.R.S;P;PNS;IV/b;16;11;1974;Aktif;INSPEKTUR PEMBANTU WILAYAH I;12;Struktural;S-2;INSPEKTORAT DAERAH
19690310199301 1 001;ASEP NIRWAN PERMANA, S.Pd, M.Pd;L;PNS;IV/b;10;03;1969;Aktif;KEPALA BAGIAN KESEJAHTERAAN RAKYAT;12;Struktural;S-2;SEKRETARIAT DAERAH
19810801200901 1 010;YUDI AKBAR NUGRAHA, S.IP., M.Si;L;PNS;IV/b;01;08;1981;Aktif;Auditor Ahli Madya;12;Fungsional;S-2;INSPEKTORAT DAERAH
19821207200212 1 001;SUBAYU K. NURYUSUF, MM, S.STP;L;PNS;IV/a;07;12;1982;Aktif;Pengawas Penyelenggaraan Urusan Pemerintahan Daerah Ahli Muda;10;Fungsional;S-2;INSPEKTORAT DAERAH
19800922200604 1 008;MULYADI, ST, MM;L;PNS;IV/a;22;09;1980;Aktif;Pengawas Penyelenggaraan Urusan Pemerintahan Daerah Ahli Madya;12;Fungsional;S-2;INSPEKTORAT DAERAH
19660428199403 2 003;Dra. EVI SUKWARINI;P;PNS;IV/a;28;04;1966;Pensiun;Pengawas Penyelenggaraan Urusan Pemerintahan Daerah Ahli Madya;12;Fungsional;S-1/Sarjana;INSPEKTORAT DAERAH
19831228200212 1 001;ERIK PALADES, SSTP;L;PNS;IV/a;28;12;1983;Aktif;Pengawas Penyelenggaraan Urusan Pemerintahan Daerah Ahli Madya;12;Fungsional;Diploma IV;INSPEKTORAT DAERAH
19761212199903 1 005;MOCH SANDY IMANUDIN, S.Sos;L;PNS;IV/a;12;12;1976;Aktif;Auditor Ahli Madya;12;Fungsional;S-1/Sarjana;INSPEKTORAT DAERAH
19790126199803 1 005;INDRADINATA MIRAJA, S.I.P.;L;PNS;IV/a;26;01;1979;Aktif;INSPEKTUR PEMBANTU BIDANG KHUSUS;12;Struktural;S-1/Sarjana;INSPEKTORAT DAERAH
19670805198701 1 001;ASEP SOPANDI, S.Pd;L;PNS;IV/a;05;08;1967;Aktif;Auditor Ahli Madya;12;Fungsional;S-1/Sarjana;INSPEKTORAT DAERAH
19710911200801 1 003;EPI SUKANDAR, S.SOS;L;PNS;IV/a;11;09;1971;Aktif;Auditor Ahli Madya;12;Fungsional;S-1/Sarjana;INSPEKTORAT DAERAH
19791013199810 1 001;VIDI WIBIKSANA SANTIKA, S.STP;L;PNS;III/d;13;10;1979;Aktif;Pengawas Penyelenggaraan Urusan Pemerintahan Daerah Ahli Muda;10;Fungsional;S-1/Sarjana;INSPEKTORAT DAERAH
19771122200312 2 007;NOVI DEWI MAHARANI, S.Sos, M.Si;P;PNS;III/d;22;11;1977;Aktif;Pengawas Penyelenggaraan Urusan Pemerintahan Daerah Ahli Madya;12;Fungsional;S-2;INSPEKTORAT DAERAH
19790716200901 1 012;K. GEMARIYANTO, SH., M.H;L;PNS;III/d;16;07;1979;Aktif;Auditor Ahli Muda;10;Fungsional;S-2;INSPEKTORAT DAERAH
19740914201001 1 004;IWAN SETIAWAN, SE;L;PNS;III/d;14;09;1974;Aktif;KEPALA SUBBAGIAN ADMINISTRASI UMUM;9;Struktural;S-1/Sarjana;INSPEKTORAT DAERAH
19790501201001 2 005;NUR GAMAR LAMUNTE, SHI;P;PNS;III/d;01;05;1979;Aktif;Pengawas Penyelenggaraan Urusan Pemerintahan Daerah Ahli Madya;12;Fungsional;S-1/Sarjana;INSPEKTORAT DAERAH
19850312201001 2 008;ASTI DIWANTHI, SE, M.AP;P;PNS;III/d;12;03;1985;Aktif;Auditor Ahli Muda;10;Fungsional;S-2;INSPEKTORAT DAERAH
19800306201001 1 006;DADAN HADIMAN, SE.,MM.;L;PNS;III/d;06;03;1980;Aktif;KEPALA BIDANG PENGENDALIAN PENDUDUK DAN INFORMASI KELUARGA;11;Struktural;S-2;DINAS PENGENDALIAN PENDUDUK, KELUARGA BERENCANA, PEMBERDAYAAN PEREMPUAN DAN PERLINDUNGAN ANAK 
19790723200604 1 003;MERI SUSANTO, S.Kom.,M.T;L;PNS;III/d;23;07;1979;Aktif;Pengawas Penyelenggaraan Urusan Pemerintahan Daerah Ahli Muda;10;Fungsional;S-2;INSPEKTORAT DAERAH
19771002201001 2 002;DIAN SOEHARTINI, SE.,M.M.;P;PNS;III/d;02;10;1977;Aktif;Pengawas Penyelenggaraan Urusan Pemerintahan Daerah Ahli Muda;10;Fungsional;S-2;INSPEKTORAT DAERAH
19770404201001 1 008;APRIAN LUFTI, ST;L;PNS;III/d;04;04;1977;Aktif;Pengawas Penyelenggaraan Urusan Pemerintahan Daerah Ahli Muda;10;Fungsional;S-1/Sarjana;INSPEKTORAT DAERAH
19760510201101 2 002;EMA RAHMAWATI, SE;P;PNS;III/d;10;05;1976;Aktif;Pengawas Penyelenggaraan Urusan Pemerintahan Daerah Ahli Muda;10;Fungsional;S-1/Sarjana;INSPEKTORAT DAERAH
19690730200701 1 007;BAGJA IRAWAN, SE;L;PNS;III/d;30;07;1969;Aktif;Auditor Ahli Muda;10;Fungsional;S-1/Sarjana;INSPEKTORAT DAERAH
19751205200903 2 001;LOLITA DWINUGRAHA, SE;P;PNS;III/d;05;12;1975;Aktif;ANALIS MONITORING, EVALUASI DAN PELAPORAN;7;Pelaksana;S-1/Sarjana;INSPEKTORAT DAERAH
19821022201001 1 017;GAN GAN NUGRAHA, S.Sos;L;PNS;III/d;22;10;1982;Aktif;Pengawas Penyelenggaraan Urusan Pemerintahan Daerah Ahli Muda;10;Fungsional;S-1/Sarjana;INSPEKTORAT DAERAH
19810701200604 1 007;SONSON SONJAYA, SE;L;PNS;III/d;01;07;1981;Aktif;Auditor Ahli Muda;10;Fungsional;S-1/Sarjana;INSPEKTORAT DAERAH
19771208200801 2 008;NUNUNG TASRIAH, SE;P;PNS;III/d;08;12;1977;Aktif;Auditor Ahli Muda;10;Fungsional;S-1/Sarjana;INSPEKTORAT DAERAH
19840227200901 2 006;DINE TRILESTARI HIDAYANTI, SE;P;PNS;III/d;27;02;1984;Aktif;Auditor Ahli Muda;10;Fungsional;S-1/Sarjana;INSPEKTORAT DAERAH
19741112200701 2 008;NOVI SANTINI, SE;P;PNS;III/d;12;11;1974;Aktif;Auditor Ahli Muda;10;Fungsional;S-1/Sarjana;INSPEKTORAT DAERAH
19760927200901 2 003;HESTI RODIAH HAYATI, S.Si;P;PNS;III/c;27;09;1976;Aktif;Pengawas Penyelenggaraan Urusan Pemerintahan Daerah Ahli Muda;10;Fungsional;S-1/Sarjana;INSPEKTORAT DAERAH
19820804201101 1 002;HOLLAN SITUNGKIR, SH;L;PNS;III/c;04;08;1982;Aktif;Auditor Ahli Muda;10;Fungsional;S-1/Sarjana;INSPEKTORAT DAERAH
19780730200801 1 002;SUGIARTO, S.IP.;L;PNS;III/c;30;07;1978;Aktif;Auditor Ahli Muda;10;Fungsional;S-1/Sarjana;INSPEKTORAT DAERAH
19760605201412 2 003;DWI PERMATA ARISANTI, S.Sos;P;PNS;III/c;05;06;1976;Aktif;Pengawas Penyelenggaraan Urusan Pemerintahan Daerah Ahli Pertama;8;Fungsional;S-1/Sarjana;INSPEKTORAT DAERAH
19811111200901 2 012;SARI YULISNA SANUSI, S.Pd, .M.M.;P;PNS;III/c;11;11;1981;Aktif;Auditor Ahli Muda;10;Fungsional;S-2;INSPEKTORAT DAERAH
19830713201001 1 003;YULIA YUSUF, S.E.;L;PNS;III/c;13;07;1983;Aktif;Pengawas Penyelenggaraan Urusan Pemerintahan Daerah Ahli Muda;10;Fungsional;S-1/Sarjana;INSPEKTORAT DAERAH
19730929200012 2 003;YUSNIAR, S.Si;P;PNS;III/c;29;09;1973;Aktif;Pengawas Penyelenggaraan Urusan Pemerintahan Daerah Ahli Muda;10;Fungsional;S-1/Sarjana;INSPEKTORAT DAERAH
19750704200801 1 002;DADAN, S.I.P.;L;PNS;III/c;04;07;1975;Aktif;Auditor Ahli Muda;10;Fungsional;S-1/Sarjana;INSPEKTORAT DAERAH
19830216201411 1 002;HERDIANSYAH APANDI, M.Ak, S.E;L;PNS;III/c;16;02;1983;Aktif;Auditor Ahli Muda;10;Fungsional;S-2;INSPEKTORAT DAERAH
19860106201001 2 002;RESSA GRESIANA SUNTOSO, S.Sos;P;PNS;III/c;06;01;1986;Aktif;Auditor Ahli Muda;10;Fungsional;S-1/Sarjana;INSPEKTORAT DAERAH
19780109201412 1 001;TAUFIK RAHMAN, SST;L;PNS;III/b;09;01;1978;Aktif;BENDAHARA PENGELUARAN DAERAH;7;Pelaksana;Diploma IV;INSPEKTORAT DAERAH
19950123201708 1 004;NAHDORI SIREGAR, S.STP, M.M.;L;PNS;III/b;23;01;1995;Aktif;ANALIS PERENCANAAN, EVALUASI DAN PELAPORAN;7;Pelaksana;S-2;INSPEKTORAT DAERAH
19940718201609 2 001;MULIA TRIWAHYULI, S.STP;P;PNS;III/b;18;07;1994;Aktif;Pengawas Penyelenggaraan Urusan Pemerintahan Daerah Ahli Pertama;8;Fungsional;Diploma IV;INSPEKTORAT DAERAH
19950831201903 2 001;CYINTHIA ANDRIANI DEWI, S.IP.;P;PNS;III/b;31;08;1995;Aktif;Auditor Ahli Pertama;8;Fungsional;S-1/Sarjana;INSPEKTORAT DAERAH
19930214201903 2 001;NISA GINA HANIFAH, S.E;P;PNS;III/b;14;02;1993;Aktif;Auditor Ahli Pertama;8;Fungsional;Diploma IV;INSPEKTORAT DAERAH
19840627201903 1 001;DADAN RAMADAN, S.Tr.Akun.;L;PNS;III/b;27;06;1984;Aktif;Auditor Ahli Pertama;8;Fungsional;Diploma IV;INSPEKTORAT DAERAH
19841201201412 1 003;ARIEF MAULANA, S.S;L;PNS;III/b;01;12;1984;Aktif;Pengawas Penyelenggaraan Urusan Pemerintahan Daerah Ahli Pertama;8;Fungsional;S-1/Sarjana;INSPEKTORAT DAERAH
19770227201412 1 002;ENCEP HENDRA PERMANA, SKM;L;PNS;III/b;27;02;1977;Aktif;Auditor Ahli Pertama;8;Fungsional;S-1/Sarjana;INSPEKTORAT DAERAH
19830830201412 1 001;ANGGA ANUGRAH SUNARYA, S.Sos;L;PNS;III/a;30;08;1983;Aktif;Pengawas Penyelenggaraan Urusan Pemerintahan Daerah Ahli Pertama;8;Fungsional;S-1/Sarjana;INSPEKTORAT DAERAH
19840515201412 1 006;YOGO SUDRAJAT SUWARTO, S.H;L;PNS;III/a;15;05;1984;Aktif;Pengawas Penyelenggaraan Urusan Pemerintahan Daerah Ahli Pertama;8;Fungsional;S-1/Sarjana;INSPEKTORAT DAERAH
19850803201412 1 005;AGUS INDRA BUDIAWAN, SHI;L;PNS;III/a;03;08;1985;Aktif;Auditor Ahli Pertama;8;Fungsional;S-1/Sarjana;INSPEKTORAT DAERAH
19701113201412 1 003;ACHMAD SUHERMAN, SH;L;PNS;III/a;13;11;1970;Aktif;PENGELOLA SURAT;6;Pelaksana;S-1/Sarjana;INSPEKTORAT DAERAH
19870903201706 2 002;LILI PUJIYANTI, S.P;P;PNS;III/a;03;09;1987;Aktif;Auditor Ahli Pertama;8;Fungsional;S-1/Sarjana;INSPEKTORAT DAERAH
19971218202208 1 001;YAURI DWI ARVIANDI, S.Tr.IP;L;PNS;III/a;18;12;1997;Aktif;ANALIS MONITORING, EVALUASI DAN PELAPORAN;7;Pelaksana;Diploma IV;INSPEKTORAT DAERAH
19780113201101 1 001;HIDAYAT JATI, A.Md;L;PNS;III/a;13;01;1978;Aktif;PENGELOLA PENILAIAN KINERJA PEGAWAI;6;Pelaksana;Diploma III/Sarjana Muda;INSPEKTORAT DAERAH
19870301202521 2 016;GRAHMA;P;PPPK;IX;01;03;1987;Aktif;PERENCANA AHLI PERTAMA;8;Fungsional;S-1 ADMINISTRASI NEGARA;BADAN KEUANGAN DAN ASET DAERAH
19680212200604 1 009;ASEP SUHERMAN;L;PNS;II/d;12;02;1968;Pensiun;PENGELOLA SURAT;6;Pelaksana;SLTA;INSPEKTORAT DAERAH
19750902201412 1 001;CANDRA EKA HAMDANI;L;PNS;II/c;02;09;1975;Aktif;PENGELOLA KEPEGAWAIAN;6;Pelaksana;SLTA;INSPEKTORAT DAERAH
20011122202409 2 001;SANDRINA FUJI INDAH LESTARI, STr.I.P;P;PNS;III/a;22;11;2001;Aktif;Pengawas Penyelenggaraan Urusan Pemerintahan Daerah Ahli Pertama;8;Fungsional;Diploma IV;INSPEKTORAT DAERAH
